{"stat.useItem.20":42,"stat.useItem.65":10,"stat.walkOneCm":507802,"stat.useItem.158":4,"stat.leaveGame":12,"stat.useItem.160":103,"stat.useItem.77":5,"stat.jump":237,"stat.swimOneCm":2112,"stat.useItem.323":2,"stat.climbOneCm":1551,"stat.fallOneCm":480,"achievement.exploreAllBiomes":{"value":0,"progress":["Plains"]},"stat.useItem.35":63,"stat.useItem.79":2,"stat.useItem.42":1,"stat.useItem.45":1,"stat.useItem.134":41,"stat.useItem.137":1,"stat.useItem.85":71,"stat.useItem.41":10,"achievement.openInventory":130,"stat.damageTaken":2147483647,"stat.mineBlock.20":8,"stat.useItem.48":10,"stat.useItem.53":9,"stat.flyOneCm":219573,"stat.useItem.6":16,"stat.deaths":1,"stat.useItem.7":7,"stat.useItem.102":2,"stat.drop":36,"stat.useItem.50":6,"stat.useItem.101":27,"stat.useItem.95":41,"stat.playOneMinute":408598,"stat.useItem.1":75,"stat.useItem.5":51,"stat.useItem.3":29,"stat.useItem.19":43}