{"stat.useItem.minecraft.iron_bars":13,"stat.walkOneCm":1566918,"stat.useItem.minecraft.stone":20,"stat.leaveGame":51,"stat.useItem.minecraft.log":22,"stat.useItem.minecraft.emerald_block":3,"stat.jump":786,"stat.swimOneCm":2713,"stat.climbOneCm":3839,"stat.fallOneCm":9333,"stat.useItem.minecraft.planks":2,"stat.crouchOneCm":198,"stat.useItem.minecraft.stone_button":1,"stat.useItem.minecraft.dirt":3,"stat.sprintOneCm":61267,"stat.useItem.minecraft.stained_glass":15,"achievement.exploreAllBiomes":{"value":0,"progress":["Plains"]},"stat.useItem.minecraft.glass_pane":218,"stat.useItem.minecraft.glass":60,"stat.useItem.minecraft.sapling":5,"achievement.openInventory":314,"stat.damageTaken":-2147483499,"stat.useItem.minecraft.diamond_pickaxe":2,"stat.flyOneCm":1758989,"stat.deaths":2,"stat.useItem.minecraft.mossy_cobblestone":4,"stat.useItem.minecraft.cobblestone_wall":16,"stat.drop":138,"stat.playOneMinute":1110401,"stat.timeSinceDeath":2743,"stat.useItem.minecraft.sign":8}