{
    "ItemGiverChained": [
    ],
    "TransportData": [
    ],
    "FactionData": [
        {
            "Points": 2000,
            "Faction": 0
        }
    ],
    "BankData": [
    ],
    "ItemGiversList": [
        {
            "Long": 1666164943965L,
            "Slot": 3
        }
    ],
    "MailData": [
    ],
    "PlayerName": "KingBBQ42",
    "QuestData": {
        "CompletedQuests": [
        ],
        "ActiveQuests": [
        ]
    },
    "UUID": "ad30957d-9cf3-415f-9c73-7941c821a8e0",
    "PlayerCompanionId": 0,
    "DialogData": [
    ]
}
