{"stat.useItem.351":44,"stat.useItem.331":41,"stat.useItem.44":86,"stat.useItem.23":7,"stat.walkOneCm":107259,"stat.useItem.84":7,"stat.useItem.85":5,"stat.useItem.356":8,"stat.useItem.158":2,"achievement.openInventory":39,"stat.leaveGame":1,"stat.useItem.25":11,"stat.useItem.69":2,"stat.useItem.76":9,"stat.useItem.6":12,"stat.flyOneCm":67407,"stat.useItem.33":6,"stat.useItem.143":1,"stat.drop":13,"stat.jump":97,"stat.playOneMinute":61729,"stat.useItem.1":31,"stat.useItem.109":145,"stat.useItem.3":82,"stat.useItem.2265":1,"achievement.exploreAllBiomes":{"value":0,"progress":["Plains"]}}