{"stat.useItem.20":42,"stat.useItem.65":10,"stat.useItem.152":42,"stat.walkOneCm":425563,"stat.leaveGame":11,"stat.useItem.2256":1,"stat.useItem.160":103,"stat.useItem.25":2,"stat.useItem.77":1,"stat.jump":216,"stat.swimOneCm":2112,"stat.useItem.323":2,"stat.climbOneCm":1551,"stat.fallOneCm":480,"achievement.exploreAllBiomes":{"value":0,"progress":["Plains"]},"stat.useItem.35":62,"stat.useItem.79":2,"stat.useItem.133":21,"stat.useItem.45":1,"stat.useItem.134":41,"stat.useItem.137":1,"stat.useItem.85":71,"stat.useItem.41":33,"achievement.openInventory":122,"stat.damageTaken":2147483647,"stat.mineBlock.20":8,"stat.useItem.48":10,"stat.useItem.53":9,"stat.flyOneCm":241580,"stat.useItem.6":16,"stat.deaths":1,"stat.useItem.7":5,"stat.useItem.102":2,"stat.drop":37,"stat.useItem.50":6,"stat.useItem.101":27,"stat.useItem.95":41,"stat.playOneMinute":356750,"stat.useItem.1":74,"stat.useItem.5":51,"stat.useItem.3":23,"stat.useItem.19":43,"stat.useItem.57":19}