{
    "ItemGiverChained": [
    ],
    "TransportData": [
    ],
    "FactionData": [
        {
            "Points": 2000,
            "Faction": 0
        }
    ],
    "BankData": [
    ],
    "ItemGiversList": [
    ],
    "MailData": [
    ],
    "PlayerName": "Geringverdqner",
    "QuestData": {
        "CompletedQuests": [
        ],
        "ActiveQuests": [
        ]
    },
    "UUID": "ddbeb2cb-83e6-4e78-b436-107f0111e1bc",
    "PlayerCompanionId": 0,
    "DialogData": [
        {
            "Dialog": 6
        }
    ]
}
