{"stat.useItem.minecraft.iron_bars":13,"stat.walkOneCm":1763748,"stat.useItem.minecraft.stone":248,"stat.leaveGame":62,"stat.useItem.minecraft.log":22,"stat.useItem.minecraft.emerald_block":3,"stat.useItem.minecraft.jungle_fence_gate":3,"stat.jump":915,"stat.swimOneCm":2713,"stat.climbOneCm":4283,"stat.fallOneCm":9333,"stat.useItem.minecraft.planks":2,"stat.useItem.minecraft.birch_fence_gate":10,"stat.crouchOneCm":198,"stat.useItem.minecraft.stained_hardened_clay":22,"stat.useItem.minecraft.stone_button":1,"stat.useItem.minecraft.dirt":4,"stat.sprintOneCm":83649,"stat.useItem.minecraft.stained_glass":15,"achievement.exploreAllBiomes":{"value":0,"progress":["Plains"]},"stat.useItem.minecraft.glass_pane":220,"stat.useItem.minecraft.glass":60,"stat.useItem.minecraft.sapling":5,"achievement.openInventory":352,"stat.damageTaken":-2147483499,"stat.useItem.minecraft.diamond_pickaxe":2,"stat.flyOneCm":2177511,"stat.deaths":1,"stat.useItem.minecraft.mossy_cobblestone":4,"stat.useItem.minecraft.cobblestone_wall":16,"stat.drop":140,"stat.playOneMinute":1272035,"stat.useItem.minecraft.ladder":3,"stat.timeSinceDeath":600170,"stat.useItem.minecraft.sign":17}