{"stat.useItem.65":10,"stat.useItem.113":16,"stat.leaveGame":22,"stat.useItem.77":47,"stat.useItem.123":1,"stat.jump":367,"stat.swimOneCm":2112,"stat.climbOneCm":2695,"stat.fallOneCm":3914,"achievement.exploreAllBiomes":{"value":0,"progress":["Plains"]},"stat.useItem.79":3,"stat.useItem.42":21,"stat.useItem.45":1,"stat.useItem.41":11,"stat.damageTaken":-2147483609,"stat.useItem.48":10,"stat.useItem.53":9,"stat.flyOneCm":294096,"stat.useItem.102":2,"stat.useItem.50":6,"stat.useItem.101":27,"stat.useItem.20":43,"stat.useItem.22":1,"stat.walkOneCm":881331,"stat.useItem.158":4,"stat.useItem.160":103,"stat.useItem.24":1,"stat.useItem.323":10,"stat.useItem.35":85,"stat.useItem.86":1,"stat.useItem.133":1,"stat.useItem.134":41,"stat.useItem.137":19,"stat.useItem.85":82,"achievement.openInventory":214,"stat.mineBlock.20":8,"stat.useItem.6":16,"stat.deaths":1,"stat.useItem.7":7,"stat.drop":134,"stat.useItem.95":41,"stat.playOneMinute":616740,"stat.useItem.1":78,"stat.useItem.5":56,"stat.useItem.3":36,"stat.useItem.19":44}