{"stat.useItem.65":10,"stat.useItem.113":16,"stat.leaveGame":17,"stat.useItem.77":40,"stat.useItem.123":1,"stat.jump":344,"stat.swimOneCm":2112,"stat.climbOneCm":2695,"stat.fallOneCm":3430,"achievement.exploreAllBiomes":{"value":0,"progress":["Plains"]},"stat.useItem.79":3,"stat.useItem.42":21,"stat.useItem.45":1,"stat.useItem.41":11,"stat.damageTaken":-2147483609,"stat.useItem.48":10,"stat.useItem.53":9,"stat.flyOneCm":245063,"stat.useItem.102":2,"stat.useItem.50":6,"stat.useItem.101":27,"stat.useItem.20":43,"stat.walkOneCm":751480,"stat.useItem.158":4,"stat.useItem.160":103,"stat.useItem.24":1,"stat.useItem.323":7,"stat.useItem.35":85,"stat.useItem.86":1,"stat.useItem.133":1,"stat.useItem.134":41,"stat.useItem.137":15,"stat.useItem.85":82,"achievement.openInventory":192,"stat.mineBlock.20":8,"stat.useItem.6":16,"stat.deaths":1,"stat.useItem.7":7,"stat.drop":114,"stat.useItem.95":41,"stat.playOneMinute":525161,"stat.useItem.1":78,"stat.useItem.5":54,"stat.useItem.3":31,"stat.useItem.19":44}